{
  "val_metrics": {
    "Recall@50": 0.7668711543083191,
    "MRR@50": 0.30910030007362366,
    "NDCG@50": 0.40930259227752686,
    "Recall@20": 0.7300613522529602,
    "MRR@20": 0.30778032541275024,
    "NDCG@20": 0.40173617005348206,
    "Recall@10": 0.6257668733596802,
    "MRR@10": 0.30010953545570374,
    "NDCG@10": 0.3748263716697693,
    "Recall@5": 0.4049079716205597,
    "MRR@5": 0.2718813717365265,
    "NDCG@5": 0.304633229970932,
    "Recall@1": 0.20245398581027985,
    "MRR@1": 0.20245398581027985,
    "NDCG@1": 0.20245398581027985
  },
  "test_metrics": {
    "Recall@50": 0.6073619723320007,
    "MRR@50": 0.16692616045475006,
    "NDCG@50": 0.2603883743286133,
    "Recall@20": 0.5276073813438416,
    "MRR@20": 0.16431598365306854,
    "NDCG@20": 0.24440498650074005,
    "Recall@10": 0.39263802766799927,
    "MRR@10": 0.15521228313446045,
    "NDCG@10": 0.21060985326766968,
    "Recall@5": 0.2638036906719208,
    "MRR@5": 0.13824132084846497,
    "NDCG@5": 0.16917684674263,
    "Recall@1": 0.07361963391304016,
    "MRR@1": 0.07361963391304016,
    "NDCG@1": 0.07361963391304016
  }
}